Name,Created,Tags
Barrel,"Oct 23, 2020 9:48 AM",
Wall,"Oct 23, 2020 9:48 AM",
platform,"Oct 23, 2020 9:48 AM",
Well,"Oct 24, 2020 4:41 PM",
Firepit,"Nov 2, 2020 12:07 PM",
Moon & Sun,"Nov 3, 2020 1:56 PM",
Water,"Nov 3, 2020 3:00 PM",
Base,"Nov 3, 2020 3:27 PM",
Cottage,"Nov 4, 2020 1:53 PM",
Tree,"Nov 11, 2020 2:07 PM",
portals,"Nov 13, 2020 11:52 AM",
textures,"Nov 13, 2020 9:54 PM",
flowers,"Nov 14, 2020 10:26 AM",
tree animation,"Nov 15, 2020 9:27 PM",
Background,"Nov 16, 2020 10:17 AM",
Displacement Mapping,"Nov 17, 2020 5:18 PM",
Bump Mapping,"Nov 17, 2020 5:59 PM",